,mjd,ra_deg,dec_deg,ra_sigma_arcsec,dec_sigma_arcsec,mag,mag_sigma,filter,obscode,exposure_id,exposure_mjd_start,exposure_mjd_mid,exposure_duration,observation_id,healpix_id,pred_ra_deg,pred_dec_deg,pred_vra_degpday,pred_vdec_degpday,delta_ra_arcsec,delta_dec_arcsec,distance_arcsec,dataset_id
0,58352.39660881088,11.3591982,-8.1379792,,,20.25716209411621,0.19223354756832123,g,I41,ztf_exp_58352.39661,58352.39643519977,58352.39660881088,30.0,598396434015015002,4698431746,11.35897640552328,-8.138013580012476,-0.09207569939853544,-0.022099633826388368,-0.7984601161943772,-0.12376804491367466,0.8000510662845033,ztf
1,58367.37490741118,9.2236062,-8.5633906,,,19.544174194335938,0.1356416940689087,r,I41,ztf_exp_58367.37491,58367.37473380007,58367.37490741118,30.0,613374734515015024,4520727340,9.223587463879038,-8.563382250676169,-0.21028321041692105,-0.0313643944361418,-0.06745003546413386,0.030057565793129015,0.07315799178534055,ztf
2,58367.43660881092,9.2106374,-8.5652635,,,19.864151000976562,0.194469153881073,g,I41,ztf_exp_58367.43661,58367.43643519981,58367.43660881092,30.0,613436434515015008,4520727257,9.210604177319077,-8.565296548188165,-0.21028575677134884,-0.030700612411999124,-0.11960165132194334,-0.11897347739306952,0.1677555960636443,ztf
